[
  [
    {
      "x": 16.7380009,
      "y": 18.6959991
    },
    {
      "x": 17.6599998,
      "y": 18.7119999
    }
  ],
  [
    {
      "x": 14.4619999,
      "y": 18.6550007
    },
    {
      "x": 16.7380009,
      "y": 18.6959991
    }
  ],
  [
    {
      "x": 12.7938805,
      "y": 18.6161308
    },
    {
      "x": 14.4619999,
      "y": 18.6550007
    }
  ],
  [
    {
      "x": 11.5998764,
      "y": 18.5883083
    },
    {
      "x": 12.7938805,
      "y": 18.6161308
    }
  ],
  [
    {
      "x": 10.971961,
      "y": 18.5736771
    },
    {
      "x": 11.5998764,
      "y": 18.5883083
    }
  ],
  [
    {
      "x": 10.7959166,
      "y": 18.5695744
    },
    {
      "x": 10.971961,
      "y": 18.5736771
    }
  ],
  [
    {
      "x": 8.533,
      "y": 18.5240002
    },
    {
      "x": 10.7959166,
      "y": 18.5695744
    }
  ],
  [
    {
      "x": 7.3639998,
      "y": 18.4990005
    },
    {
      "x": 8.533,
      "y": 18.5240002
    }
  ],
  [
    {
      "x": 6.7030001,
      "y": 18.4850006
    },
    {
      "x": 7.3639998,
      "y": 18.4990005
    }
  ],
  [
    {
      "x": 6.4789462,
      "y": 18.4790497
    },
    {
      "x": 6.7030001,
      "y": 18.4850006
    }
  ],
  [
    {
      "x": 4.9920001,
      "y": 18.441
    },
    {
      "x": 6.4789462,
      "y": 18.4790497
    }
  ],
  [
    {
      "x": 3.3900001,
      "y": 18.3969994
    },
    {
      "x": 4.9920001,
      "y": 18.441
    }
  ],
  [
    {
      "x": 9.6827154,
      "y": 18.2092381
    },
    {
      "x": 10.7959166,
      "y": 18.5695744
    }
  ],
  [
    {
      "x": 17.6599998,
      "y": 18.7119999
    },
    {
      "x": 19.4839993,
      "y": 18.7250004
    },
    {
      "x": 19.5030003,
      "y": 18.1189995
    }
  ],
  [
    {
      "x": 8.6569996,
      "y": 18.0890007
    },
    {
      "x": 8.533,
      "y": 18.5240002
    }
  ],
  [
    {
      "x": 5.0978222,
      "y": 18.0533352
    },
    {
      "x": 6.4789462,
      "y": 18.4790497
    }
  ],
  [
    {
      "x": 4.9920001,
      "y": 18.441
    },
    {
      "x": 5.0978222,
      "y": 18.0533352
    }
  ],
  [
    {
      "x": 8.7724485,
      "y": 17.9145889
    },
    {
      "x": 9.6827154,
      "y": 18.2092381
    }
  ],
  [
    {
      "x": 8.7724485,
      "y": 17.9145889
    },
    {
      "x": 8.6569996,
      "y": 18.0890007
    }
  ],
  [
    {
      "x": 17.4473476,
      "y": 17.9006481
    },
    {
      "x": 18.7360001,
      "y": 18.0639992
    },
    {
      "x": 19.5030003,
      "y": 18.1189995
    }
  ],
  [
    {
      "x": 17.4473476,
      "y": 17.9006481
    },
    {
      "x": 17.5179996,
      "y": 18.4389992
    },
    {
      "x": 17.6599998,
      "y": 18.7119999
    }
  ],
  [
    {
      "x": 17.1739998,
      "y": 17.8659992
    },
    {
      "x": 17.4473476,
      "y": 17.9006481
    }
  ],
  [
    {
      "x": 17.1739998,
      "y": 17.8659992
    },
    {
      "x": 16.7380009,
      "y": 18.6959991
    }
  ],
  [
    {
      "x": 7.9260001,
      "y": 17.6700001
    },
    {
      "x": 7.882,
      "y": 17.8500004
    },
    {
      "x": 8.6569996,
      "y": 18.0890007
    }
  ],
  [
    {
      "x": 16.1129227,
      "y": 17.645401
    },
    {
      "x": 17.1739998,
      "y": 17.8659992
    }
  ],
  [
    {
      "x": 16.1129227,
      "y": 17.645401
    },
    {
      "x": 15.8950005,
      "y": 18.3330002
    },
    {
      "x": 15.507,
      "y": 18.2420006
    },
    {
      "x": 15.3870001,
      "y": 18.3390007
    },
    {
      "x": 15.3170004,
      "y": 18.5170002
    }
  ],
  [
    {
      "x": 3.733,
      "y": 17.6210003
    },
    {
      "x": 5.0978222,
      "y": 18.0533352
    }
  ],
  [
    {
      "x": 7.6246362,
      "y": 17.5824795
    },
    {
      "x": 7.9260001,
      "y": 17.6700001
    }
  ],
  [
    {
      "x": 7.3639998,
      "y": 18.4990005
    },
    {
      "x": 7.6246362,
      "y": 17.5824795
    }
  ],
  [
    {
      "x": 3.405966,
      "y": 17.5355129
    },
    {
      "x": 3.733,
      "y": 17.6210003
    }
  ],
  [
    {
      "x": 3.405966,
      "y": 17.5355129
    },
    {
      "x": 3.3900001,
      "y": 18.3969994
    }
  ],
  [
    {
      "x": 15.6000004,
      "y": 17.5249996
    },
    {
      "x": 16.1129227,
      "y": 17.645401
    }
  ],
  [
    {
      "x": 14.9702625,
      "y": 17.4152355
    },
    {
      "x": 15.6000004,
      "y": 17.5249996
    }
  ],
  [
    {
      "x": 14.9702625,
      "y": 17.4152355
    },
    {
      "x": 14.4619999,
      "y": 18.6550007
    }
  ],
  [
    {
      "x": 6.99401,
      "y": 17.3993397
    },
    {
      "x": 7.6246362,
      "y": 17.5824795
    }
  ],
  [
    {
      "x": 6.99401,
      "y": 17.3993397
    },
    {
      "x": 6.7030001,
      "y": 18.4850006
    }
  ],
  [
    {
      "x": 19.5030003,
      "y": 18.1189995
    },
    {
      "x": 19.5272503,
      "y": 17.2641487
    }
  ],
  [
    {
      "x": 14.1594124,
      "y": 17.2620544
    },
    {
      "x": 14.783,
      "y": 17.382
    },
    {
      "x": 14.9702625,
      "y": 17.4152355
    }
  ],
  [
    {
      "x": 8.8240004,
      "y": 17.1959991
    },
    {
      "x": 8.8760004,
      "y": 17.3260002
    },
    {
      "x": 8.7724485,
      "y": 17.9145889
    }
  ],
  [
    {
      "x": 19.3530006,
      "y": 17.184
    },
    {
      "x": 19.5272503,
      "y": 17.2641487
    }
  ],
  [
    {
      "x": 18.5079994,
      "y": 17.3279991
    },
    {
      "x": 19.184,
      "y": 17.5620003
    },
    {
      "x": 19.3530006,
      "y": 17.184
    }
  ],
  [
    {
      "x": 13.3946438,
      "y": 17.1198883
    },
    {
      "x": 13.816,
      "y": 17.1959991
    },
    {
      "x": 14.1594124,
      "y": 17.2620544
    }
  ],
  [
    {
      "x": 13.3946438,
      "y": 17.1198883
    },
    {
      "x": 12.7938805,
      "y": 18.6161308
    }
  ],
  [
    {
      "x": 11.5249996,
      "y": 17.0750008
    },
    {
      "x": 10.971961,
      "y": 18.5736771
    }
  ],
  [
    {
      "x": 8.1929998,
      "y": 17.0149994
    },
    {
      "x": 8.8240004,
      "y": 17.1959991
    }
  ],
  [
    {
      "x": 8.1459999,
      "y": 16.9909992
    },
    {
      "x": 8.1929998,
      "y": 17.0149994
    }
  ],
  [
    {
      "x": 7.9260001,
      "y": 17.6700001
    },
    {
      "x": 8.1459999,
      "y": 16.9909992
    }
  ],
  [
    {
      "x": 5.4027152,
      "y": 16.9372101
    },
    {
      "x": 6.99401,
      "y": 17.3993397
    }
  ],
  [
    {
      "x": 5.0978222,
      "y": 18.0533352
    },
    {
      "x": 5.4027152,
      "y": 16.9372101
    }
  ],
  [
    {
      "x": 12.3062029,
      "y": 16.9213066
    },
    {
      "x": 12.7419996,
      "y": 17.0020008
    },
    {
      "x": 13.3946438,
      "y": 17.1198883
    }
  ],
  [
    {
      "x": 12.2447538,
      "y": 16.9099293
    },
    {
      "x": 12.3062029,
      "y": 16.9213066
    }
  ],
  [
    {
      "x": 14.1594124,
      "y": 17.2620544
    },
    {
      "x": 14.3319998,
      "y": 16.4899998
    },
    {
      "x": 14.3889999,
      "y": 16.4990005
    }
  ],
  [
    {
      "x": 15.3170004,
      "y": 16.4099998
    },
    {
      "x": 14.9702625,
      "y": 17.4152355
    }
  ],
  [
    {
      "x": 15.3889999,
      "y": 16.1200008
    },
    {
      "x": 16.0689697,
      "y": 16.4080257
    }
  ],
  [
    {
      "x": 15.3170004,
      "y": 16.4099998
    },
    {
      "x": 15.3889999,
      "y": 16.1200008
    }
  ],
  [
    {
      "x": 14.0244579,
      "y": 15.827219
    },
    {
      "x": 15.1340361,
      "y": 16.3555603
    },
    {
      "x": 15.3170004,
      "y": 16.4099998
    }
  ],
  [
    {
      "x": 14.0244579,
      "y": 15.827219
    },
    {
      "x": 13.3946438,
      "y": 17.1198883
    }
  ],
  [
    {
      "x": 15.3889999,
      "y": 16.1200008
    },
    {
      "x": 15.5100002,
      "y": 15.7519999
    },
    {
      "x": 15.6070004,
      "y": 15.6219997
    }
  ],
  [
    {
      "x": 13.5803728,
      "y": 15.6042328
    },
    {
      "x": 14.0244579,
      "y": 15.827219
    }
  ],
  [
    {
      "x": 14.4429998,
      "y": 15.0100002
    },
    {
      "x": 14.0244579,
      "y": 15.827219
    }
  ],
  [
    {
      "x": 12.2447538,
      "y": 16.9099293
    },
    {
      "x": 11.5998764,
      "y": 18.5883083
    }
  ],
  [
    {
      "x": 19.5272503,
      "y": 17.2641487
    },
    {
      "x": 19.541317,
      "y": 16.7682648
    }
  ],
  [
    {
      "x": 19.3530006,
      "y": 17.184
    },
    {
      "x": 19.541317,
      "y": 16.7682648
    }
  ],
  [
    {
      "x": 11.165,
      "y": 16.7099991
    },
    {
      "x": 12.2447538,
      "y": 16.9099293
    }
  ],
  [
    {
      "x": 3.733,
      "y": 17.6210003
    },
    {
      "x": 4.2443171,
      "y": 16.7018509
    }
  ],
  [
    {
      "x": 8.1459999,
      "y": 16.9909992
    },
    {
      "x": 7.1856389,
      "y": 16.6844387
    }
  ],
  [
    {
      "x": 7.1856389,
      "y": 16.6844387
    },
    {
      "x": 6.99401,
      "y": 17.3993397
    }
  ],
  [
    {
      "x": 10.8289194,
      "y": 16.6464252
    },
    {
      "x": 11.165,
      "y": 16.7099991
    }
  ],
  [
    {
      "x": 4.2927132,
      "y": 16.6148548
    },
    {
      "x": 5.4027152,
      "y": 16.9372101
    }
  ],
  [
    {
      "x": 4.2443171,
      "y": 16.7018509
    },
    {
      "x": 4.2927132,
      "y": 16.6148548
    }
  ],
  [
    {
      "x": 17.1739998,
      "y": 17.8659992
    },
    {
      "x": 17.743,
      "y": 16.5869999
    }
  ],
  [
    {
      "x": 10.3191881,
      "y": 16.550005
    },
    {
      "x": 10.8289194,
      "y": 16.6464252
    }
  ],
  [
    {
      "x": 9.6827154,
      "y": 18.2092381
    },
    {
      "x": 10.3191881,
      "y": 16.550005
    }
  ],
  [
    {
      "x": 19.541317,
      "y": 16.7682648
    },
    {
      "x": 19.5478706,
      "y": 16.5372238
    }
  ],
  [
    {
      "x": 15.6000004,
      "y": 17.5249996
    },
    {
      "x": 16.0689697,
      "y": 16.4080257
    }
  ],
  [
    {
      "x": 9.4746075,
      "y": 16.3902454
    },
    {
      "x": 10.3191881,
      "y": 16.550005
    }
  ],
  [
    {
      "x": 9.3370533,
      "y": 16.9699402
    },
    {
      "x": 9.4746075,
      "y": 16.3902454
    }
  ],
  [
    {
      "x": 4.2443171,
      "y": 16.7018509
    },
    {
      "x": 3.4272959,
      "y": 16.3845978
    }
  ],
  [
    {
      "x": 3.4272959,
      "y": 16.3845978
    },
    {
      "x": 3.405966,
      "y": 17.5355129
    }
  ],
  [
    {
      "x": 9.0890484,
      "y": 16.3173122
    },
    {
      "x": 9.4746075,
      "y": 16.3902454
    }
  ],
  [
    {
      "x": 9.0301085,
      "y": 16.3061638
    },
    {
      "x": 9.0890484,
      "y": 16.3173122
    }
  ],
  [
    {
      "x": 8.8240004,
      "y": 17.1959991
    },
    {
      "x": 9.0301085,
      "y": 16.3061638
    }
  ],
  [
    {
      "x": 8.3710003,
      "y": 16.1749992
    },
    {
      "x": 9.0301085,
      "y": 16.3061638
    }
  ],
  [
    {
      "x": 8.1929998,
      "y": 17.0149994
    },
    {
      "x": 8.3710003,
      "y": 16.1749992
    }
  ],
  [
    {
      "x": 18.7351665,
      "y": 16.1498737
    },
    {
      "x": 19.5478706,
      "y": 16.5372238
    }
  ],
  [
    {
      "x": 18.7351665,
      "y": 16.1498737
    },
    {
      "x": 18.3939991,
      "y": 16.8759995
    },
    {
      "x": 17.743,
      "y": 16.5869999
    }
  ],
  [
    {
      "x": 7.868,
      "y": 16.0779991
    },
    {
      "x": 8.3710003,
      "y": 16.1749992
    }
  ],
  [
    {
      "x": 3.518651,
      "y": 16.0325737
    },
    {
      "x": 3.944,
      "y": 16.1590004
    }
  ],
  [
    {
      "x": 3.4272959,
      "y": 16.3845978
    },
    {
      "x": 3.518651,
      "y": 16.0325737
    }
  ],
  [
    {
      "x": 7.375,
      "y": 15.9779997
    },
    {
      "x": 7.868,
      "y": 16.0779991
    }
  ],
  [
    {
      "x": 7.375,
      "y": 15.9779997
    },
    {
      "x": 7.1856389,
      "y": 16.6844387
    }
  ],
  [
    {
      "x": 16.0689697,
      "y": 16.4080257
    },
    {
      "x": 16.2697639,
      "y": 15.9297791
    }
  ],
  [
    {
      "x": 10.8289194,
      "y": 16.6464252
    },
    {
      "x": 11.026,
      "y": 15.8590002
    }
  ],
  [
    {
      "x": 6.6325169,
      "y": 15.821804
    },
    {
      "x": 7.375,
      "y": 15.9779997
    }
  ],
  [
    {
      "x": 5.6999531,
      "y": 15.6256208
    },
    {
      "x": 6.6325169,
      "y": 15.821804
    }
  ],
  [
    {
      "x": 5.4027152,
      "y": 16.9372101
    },
    {
      "x": 5.6999531,
      "y": 15.6256208
    }
  ],
  [
    {
      "x": 15.6070004,
      "y": 15.6219997
    },
    {
      "x": 16.2697639,
      "y": 15.9297791
    }
  ],
  [
    {
      "x": 17.743,
      "y": 16.5869999
    },
    {
      "x": 17.0990009,
      "y": 16.2549992
    },
    {
      "x": 17.4214344,
      "y": 15.5421467
    }
  ],
  [
    {
      "x": 5.0250001,
      "y": 15.5159998
    },
    {
      "x": 5.6999531,
      "y": 15.6256208
    }
  ],
  [
    {
      "x": 4.9097862,
      "y": 15.4901791
    },
    {
      "x": 5.0250001,
      "y": 15.5159998
    }
  ],
  [
    {
      "x": 4.2927132,
      "y": 16.6148548
    },
    {
      "x": 4.9097862,
      "y": 15.4901791
    }
  ],
  [
    {
      "x": 18.90695,
      "y": 15.3761148
    },
    {
      "x": 19.0639992,
      "y": 15.4499998
    },
    {
      "x": 18.7351665,
      "y": 16.1498737
    }
  ],
  [
    {
      "x": 13.0880003,
      "y": 15.3570004
    },
    {
      "x": 13.5803728,
      "y": 15.6042328
    }
  ],
  [
    {
      "x": 12.3062029,
      "y": 16.9213066
    },
    {
      "x": 13.0880003,
      "y": 15.3570004
    }
  ],
  [
    {
      "x": 15.6070004,
      "y": 15.6219997
    },
    {
      "x": 15.6938972,
      "y": 15.3395834
    }
  ],
  [
    {
      "x": 10.2639999,
      "y": 15.6700001
    },
    {
      "x": 9.4910889,
      "y": 15.3207779
    }
  ],
  [
    {
      "x": 9.0890484,
      "y": 16.3173122
    },
    {
      "x": 9.4910889,
      "y": 15.3207779
    }
  ],
  [
    {
      "x": 13.5803728,
      "y": 15.6042328
    },
    {
      "x": 13.6700001,
      "y": 15.3889999
    },
    {
      "x": 13.5600004,
      "y": 15.3149996
    }
  ],
  [
    {
      "x": 3.721,
      "y": 15.2480001
    },
    {
      "x": 4.9097862,
      "y": 15.4901791
    }
  ],
  [
    {
      "x": 3.518651,
      "y": 16.0325737
    },
    {
      "x": 3.721,
      "y": 15.2480001
    }
  ],
  [
    {
      "x": 16.5881329,
      "y": 15.1714983
    },
    {
      "x": 17.4214344,
      "y": 15.5421467
    }
  ],
  [
    {
      "x": 16.2697639,
      "y": 15.9297791
    },
    {
      "x": 16.5881329,
      "y": 15.1714983
    }
  ],
  [
    {
      "x": 3.4498279,
      "y": 15.1688366
    },
    {
      "x": 3.721,
      "y": 15.2480001
    }
  ],
  [
    {
      "x": 3.4498279,
      "y": 15.1688366
    },
    {
      "x": 3.4272959,
      "y": 16.3845978
    }
  ],
  [
    {
      "x": 18.402319,
      "y": 15.1387091
    },
    {
      "x": 18.90695,
      "y": 15.3761148
    }
  ],
  [
    {
      "x": 9.0590544,
      "y": 15.1255732
    },
    {
      "x": 9.4910889,
      "y": 15.3207779
    }
  ],
  [
    {
      "x": 9.0590544,
      "y": 15.1255732
    },
    {
      "x": 8.7840004,
      "y": 15.7720003
    }
  ],
  [
    {
      "x": 13.0880003,
      "y": 15.3570004
    },
    {
      "x": 12.2139997,
      "y": 14.9090004
    }
  ],
  [
    {
      "x": 17.8946495,
      "y": 14.8998747
    },
    {
      "x": 18.402319,
      "y": 15.1387091
    }
  ],
  [
    {
      "x": 15.6938972,
      "y": 15.3395834
    },
    {
      "x": 15.8470001,
      "y": 14.842
    },
    {
      "x": 16.5881329,
      "y": 15.1714983
    }
  ],
  [
    {
      "x": 17.4214344,
      "y": 15.5421467
    },
    {
      "x": 17.7439995,
      "y": 14.8290005
    },
    {
      "x": 17.8946495,
      "y": 14.8998747
    }
  ],
  [
    {
      "x": 11.8000002,
      "y": 14.8109999
    },
    {
      "x": 11.4499998,
      "y": 15.6140003
    },
    {
      "x": 11.165,
      "y": 16.7099991
    }
  ],
  [
    {
      "x": 14.5469418,
      "y": 14.8062286
    },
    {
      "x": 15.6938972,
      "y": 15.3395834
    }
  ],
  [
    {
      "x": 14.4429998,
      "y": 15.0100002
    },
    {
      "x": 14.5469418,
      "y": 14.8062286
    }
  ],
  [
    {
      "x": 13.9339371,
      "y": 14.7479525
    },
    {
      "x": 14.4429998,
      "y": 15.0100002
    }
  ],
  [
    {
      "x": 7.868,
      "y": 16.0779991
    },
    {
      "x": 7.9829998,
      "y": 15.2220001
    },
    {
      "x": 7.9530001,
      "y": 15.1409998
    },
    {
      "x": 8.1569996,
      "y": 14.7180004
    },
    {
      "x": 9.0590544,
      "y": 15.1255732
    }
  ],
  [
    {
      "x": 16.5881329,
      "y": 15.1714983
    },
    {
      "x": 16.6529999,
      "y": 15.0170002
    },
    {
      "x": 16.8626099,
      "y": 14.5456047
    }
  ],
  [
    {
      "x": 13.5017796,
      "y": 14.5254908
    },
    {
      "x": 13.9339371,
      "y": 14.7479525
    }
  ],
  [
    {
      "x": 13.5017796,
      "y": 14.5254908
    },
    {
      "x": 13.0880003,
      "y": 15.3570004
    }
  ],
  [
    {
      "x": 7.2350001,
      "y": 14.4250002
    },
    {
      "x": 6.796,
      "y": 15.2969999
    },
    {
      "x": 6.6325169,
      "y": 15.821804
    }
  ],
  [
    {
      "x": 6.012208,
      "y": 14.371027
    },
    {
      "x": 5.9580002,
      "y": 14.5930004
    },
    {
      "x": 5.6999531,
      "y": 15.6256208
    }
  ],
  [
    {
      "x": 5.3569999,
      "y": 14.2150002
    },
    {
      "x": 6.012208,
      "y": 14.371027
    }
  ],
  [
    {
      "x": 5.0250001,
      "y": 15.5159998
    },
    {
      "x": 5.1300001,
      "y": 14.9499998
    },
    {
      "x": 5.2030001,
      "y": 14.9569998
    },
    {
      "x": 5.3569999,
      "y": 14.2150002
    }
  ],
  [
    {
      "x": 12.6890001,
      "y": 14.1149998
    },
    {
      "x": 13.5017796,
      "y": 14.5254908
    }
  ],
  [
    {
      "x": 10.0377073,
      "y": 14.0517893
    },
    {
      "x": 11.8000002,
      "y": 14.8109999
    }
  ],
  [
    {
      "x": 9.4910889,
      "y": 15.3207779
    },
    {
      "x": 10.0377073,
      "y": 14.0517893
    }
  ],
  [
    {
      "x": 15.8640003,
      "y": 13.9809999
    },
    {
      "x": 15.9709997,
      "y": 14.0570002
    },
    {
      "x": 15.9469995,
      "y": 14.1029997
    },
    {
      "x": 16.8626099,
      "y": 14.5456047
    }
  ],
  [
    {
      "x": 15.5389996,
      "y": 14.1099997
    },
    {
      "x": 15.7370005,
      "y": 14.2139997
    },
    {
      "x": 15.8640003,
      "y": 13.9809999
    }
  ],
  [
    {
      "x": 12.2077274,
      "y": 13.8600874
    },
    {
      "x": 12.6890001,
      "y": 14.1149998
    }
  ],
  [
    {
      "x": 11.8000002,
      "y": 14.8109999
    },
    {
      "x": 12.2077274,
      "y": 13.8600874
    }
  ],
  [
    {
      "x": 15.573,
      "y": 13.8400002
    },
    {
      "x": 15.8640003,
      "y": 13.9809999
    }
  ],
  [
    {
      "x": 19.5478706,
      "y": 16.5372238
    },
    {
      "x": 19.6246185,
      "y": 13.831727
    }
  ],
  [
    {
      "x": 18.90695,
      "y": 15.3761148
    },
    {
      "x": 19.6246185,
      "y": 13.831727
    }
  ],
  [
    {
      "x": 6.1486492,
      "y": 13.812314
    },
    {
      "x": 7.2350001,
      "y": 14.4250002
    }
  ],
  [
    {
      "x": 6.1486492,
      "y": 13.812314
    },
    {
      "x": 6.012208,
      "y": 14.371027
    }
  ],
  [
    {
      "x": 16.8626099,
      "y": 14.5456047
    },
    {
      "x": 17.1940002,
      "y": 13.8030005
    }
  ],
  [
    {
      "x": 19.6246185,
      "y": 13.831727
    },
    {
      "x": 19.6272583,
      "y": 13.7386885
    }
  ],
  [
    {
      "x": 11.7840004,
      "y": 13.6350002
    },
    {
      "x": 12.2077274,
      "y": 13.8600874
    }
  ],
  [
    {
      "x": 15.1485777,
      "y": 13.6267643
    },
    {
      "x": 15.573,
      "y": 13.8400002
    }
  ],
  [
    {
      "x": 14.5469418,
      "y": 14.8062286
    },
    {
      "x": 15.1485777,
      "y": 13.6267643
    }
  ],
  [
    {
      "x": 8.8964672,
      "y": 13.560133
    },
    {
      "x": 10.0377073,
      "y": 14.0517893
    }
  ],
  [
    {
      "x": 14.0430002,
      "y": 13.5080004
    },
    {
      "x": 13.5017796,
      "y": 14.5254908
    }
  ],
  [
    {
      "x": 13.9339371,
      "y": 14.7479525
    },
    {
      "x": 14.3240004,
      "y": 14.0170002
    },
    {
      "x": 14.5509996,
      "y": 13.5010004
    }
  ],
  [
    {
      "x": 19.1459999,
      "y": 13.4759998
    },
    {
      "x": 19.6272583,
      "y": 13.7386885
    }
  ],
  [
    {
      "x": 18.402319,
      "y": 15.1387091
    },
    {
      "x": 19.0020008,
      "y": 13.7880001
    },
    {
      "x": 19.1459999,
      "y": 13.4759998
    }
  ],
  [
    {
      "x": 15.1485777,
      "y": 13.6267643
    },
    {
      "x": 15.2770004,
      "y": 13.375
    }
  ],
  [
    {
      "x": 18.6650467,
      "y": 13.1906729
    },
    {
      "x": 19.1459999,
      "y": 13.4759998
    }
  ],
  [
    {
      "x": 17.8946495,
      "y": 14.8998747
    },
    {
      "x": 18.3610001,
      "y": 13.8669996
    },
    {
      "x": 18.6650467,
      "y": 13.1906729
    }
  ],
  [
    {
      "x": 13.3789997,
      "y": 13.1639996
    },
    {
      "x": 14.0430002,
      "y": 13.5080004
    }
  ],
  [
    {
      "x": 12.6890001,
      "y": 14.1149998
    },
    {
      "x": 12.7819996,
      "y": 13.9359999
    },
    {
      "x": 12.9420004,
      "y": 13.5970001
    },
    {
      "x": 13.1029997,
      "y": 13.6750002
    },
    {
      "x": 13.3789997,
      "y": 13.1639996
    }
  ],
  [
    {
      "x": 7.9123201,
      "y": 13.1361542
    },
    {
      "x": 8.8964672,
      "y": 13.560133
    }
  ],
  [
    {
      "x": 7.9123201,
      "y": 13.1361542
    },
    {
      "x": 7.2350001,
      "y": 14.4250002
    }
  ],
  [
    {
      "x": 15.573,
      "y": 13.8400002
    },
    {
      "x": 15.8190002,
      "y": 13.3219995
    },
    {
      "x": 15.4565592,
      "y": 13.1309834
    }
  ],
  [
    {
      "x": 15.2770004,
      "y": 13.375
    },
    {
      "x": 15.4565592,
      "y": 13.1309834
    }
  ],
  [
    {
      "x": 14.8091011,
      "y": 13.106781
    },
    {
      "x": 15.2770004,
      "y": 13.375
    }
  ],
  [
    {
      "x": 6.4696321,
      "y": 13.0269709
    },
    {
      "x": 6.2319999,
      "y": 13.4709997
    },
    {
      "x": 6.1486492,
      "y": 13.812314
    }
  ],
  [
    {
      "x": 13.3789997,
      "y": 13.1639996
    },
    {
      "x": 13.085,
      "y": 13.0030003
    }
  ],
  [
    {
      "x": 14.3639154,
      "y": 12.8515816
    },
    {
      "x": 14.8091011,
      "y": 13.106781
    }
  ],
  [
    {
      "x": 14.3639154,
      "y": 12.8515816
    },
    {
      "x": 14.0430002,
      "y": 13.5080004
    }
  ],
  [
    {
      "x": 8.8964672,
      "y": 13.560133
    },
    {
      "x": 8.9386053,
      "y": 12.83183
    }
  ],
  [
    {
      "x": 14.4169998,
      "y": 12.743
    },
    {
      "x": 14.3639154,
      "y": 12.8515816
    }
  ],
  [
    {
      "x": 7.2081971,
      "y": 12.7395391
    },
    {
      "x": 7.9123201,
      "y": 13.1361542
    }
  ],
  [
    {
      "x": 18.6650467,
      "y": 13.1906729
    },
    {
      "x": 17.7065144,
      "y": 12.6450005
    }
  ],
  [
    {
      "x": 17.1940002,
      "y": 13.8030005
    },
    {
      "x": 17.5769997,
      "y": 12.9390001
    },
    {
      "x": 17.7065144,
      "y": 12.6450005
    }
  ],
  [
    {
      "x": 5.1874361,
      "y": 12.6099167
    },
    {
      "x": 6.4696321,
      "y": 13.0269709
    }
  ],
  [
    {
      "x": 6.7588978,
      "y": 12.4864607
    },
    {
      "x": 7.2081971,
      "y": 12.7395391
    }
  ],
  [
    {
      "x": 6.7588978,
      "y": 12.4864607
    },
    {
      "x": 6.4696321,
      "y": 13.0269709
    }
  ],
  [
    {
      "x": 13.9110003,
      "y": 12.4790001
    },
    {
      "x": 14.4169998,
      "y": 12.743
    }
  ],
  [
    {
      "x": 7.4172621,
      "y": 12.4762888
    },
    {
      "x": 7.8506641,
      "y": 12.7446699
    }
  ],
  [
    {
      "x": 7.4172621,
      "y": 12.4762888
    },
    {
      "x": 7.2081971,
      "y": 12.7395391
    }
  ],
  [
    {
      "x": 9.0972004,
      "y": 12.3850803
    },
    {
      "x": 9.5534487,
      "y": 12.7267799
    }
  ],
  [
    {
      "x": 8.9386053,
      "y": 12.83183
    },
    {
      "x": 8.9244738,
      "y": 12.6359501
    },
    {
      "x": 9.0972004,
      "y": 12.3850803
    }
  ],
  [
    {
      "x": 4.25,
      "y": 12.3050003
    },
    {
      "x": 5.1874361,
      "y": 12.6099167
    }
  ],
  [
    {
      "x": 5.3569999,
      "y": 14.2150002
    },
    {
      "x": 3.7690001,
      "y": 13.7049999
    },
    {
      "x": 4.25,
      "y": 12.3050003
    }
  ],
  [
    {
      "x": 9.5534487,
      "y": 12.7267799
    },
    {
      "x": 9.8582888,
      "y": 12.2909603
    }
  ],
  [
    {
      "x": 14.4169998,
      "y": 12.743
    },
    {
      "x": 14.7060003,
      "y": 12.25
    }
  ],
  [
    {
      "x": 13.3966837,
      "y": 12.2042065
    },
    {
      "x": 13.9110003,
      "y": 12.4790001
    }
  ],
  [
    {
      "x": 15.4565592,
      "y": 13.1309834
    },
    {
      "x": 15.8772621,
      "y": 12.1351805
    }
  ],
  [
    {
      "x": 16.9419994,
      "y": 12.118
    },
    {
      "x": 16.4899998,
      "y": 13.0159998
    },
    {
      "x": 16.4360008,
      "y": 13.0240002
    },
    {
      "x": 16.2709999,
      "y": 13.4049997
    },
    {
      "x": 17.1940002,
      "y": 13.8030005
    }
  ],
  [
    {
      "x": 8.9386053,
      "y": 12.83183
    },
    {
      "x": 7.75176,
      "y": 12.0550976
    }
  ],
  [
    {
      "x": 7.75176,
      "y": 12.0550976
    },
    {
      "x": 7.4172621,
      "y": 12.4762888
    }
  ],
  [
    {
      "x": 17.7065144,
      "y": 12.6450005
    },
    {
      "x": 17.9696884,
      "y": 12.0475893
    }
  ],
  [
    {
      "x": 13.007,
      "y": 11.9960003
    },
    {
      "x": 13.3966837,
      "y": 12.2042065
    }
  ],
  [
    {
      "x": 12.2077274,
      "y": 13.8600874
    },
    {
      "x": 13.007,
      "y": 11.9960003
    }
  ],
  [
    {
      "x": 9.8582888,
      "y": 12.2909603
    },
    {
      "x": 10.0545797,
      "y": 11.9907026
    }
  ],
  [
    {
      "x": 14.191,
      "y": 11.9700003
    },
    {
      "x": 14.7060003,
      "y": 12.25
    }
  ],
  [
    {
      "x": 13.9110003,
      "y": 12.4790001
    },
    {
      "x": 14.191,
      "y": 11.9700003
    }
  ],
  [
    {
      "x": 14.8091011,
      "y": 13.106781
    },
    {
      "x": 15.2749996,
      "y": 12.1000004
    },
    {
      "x": 15.3269997,
      "y": 12.0159998
    },
    {
      "x": 15.4750004,
      "y": 12.0500002
    },
    {
      "x": 15.5220003,
      "y": 11.9530001
    },
    {
      "x": 15.8772621,
      "y": 12.1351805
    }
  ],
  [
    {
      "x": 9.3767023,
      "y": 11.9452953
    },
    {
      "x": 9.8582888,
      "y": 12.2909603
    }
  ],
  [
    {
      "x": 9.0972004,
      "y": 12.3850803
    },
    {
      "x": 9.3767023,
      "y": 11.9452953
    }
  ],
  [
    {
      "x": 9.5534487,
      "y": 12.7267799
    },
    {
      "x": 10.3647604,
      "y": 12.9749203
    },
    {
      "x": 10.8373804,
      "y": 11.9244013
    }
  ],
  [
    {
      "x": 9.3767023,
      "y": 11.9452953
    },
    {
      "x": 9.4359465,
      "y": 11.8520765
    }
  ],
  [
    {
      "x": 13.007,
      "y": 11.9960003
    },
    {
      "x": 12.6529999,
      "y": 11.8380003
    }
  ],
  [
    {
      "x": 15.8772621,
      "y": 12.1351805
    },
    {
      "x": 16.0639992,
      "y": 11.717
    }
  ],
  [
    {
      "x": 19.6272583,
      "y": 13.7386885
    },
    {
      "x": 19.6851063,
      "y": 11.6994572
    }
  ],
  [
    {
      "x": 10.0545797,
      "y": 11.9907026
    },
    {
      "x": 9.5583115,
      "y": 11.6595411
    }
  ],
  [
    {
      "x": 9.4359465,
      "y": 11.8520765
    },
    {
      "x": 9.5583115,
      "y": 11.6595411
    }
  ],
  [
    {
      "x": 8.0833921,
      "y": 11.63976
    },
    {
      "x": 9.0972004,
      "y": 12.3850803
    }
  ],
  [
    {
      "x": 8.0833921,
      "y": 11.63976
    },
    {
      "x": 7.75176,
      "y": 12.0550976
    }
  ],
  [
    {
      "x": 17.9696884,
      "y": 12.0475893
    },
    {
      "x": 18.1510162,
      "y": 11.635972
    }
  ],
  [
    {
      "x": 10.3213997,
      "y": 11.5825596
    },
    {
      "x": 10.8373804,
      "y": 11.9244013
    }
  ],
  [
    {
      "x": 10.0545797,
      "y": 11.9907026
    },
    {
      "x": 10.3213997,
      "y": 11.5825596
    }
  ],
  [
    {
      "x": 19.4159222,
      "y": 11.538805
    },
    {
      "x": 19.6851063,
      "y": 11.6994572
    }
  ],
  [
    {
      "x": 18.6650467,
      "y": 13.1906729
    },
    {
      "x": 18.9669991,
      "y": 12.5190001
    },
    {
      "x": 19.4159222,
      "y": 11.538805
    }
  ],
  [
    {
      "x": 14.191,
      "y": 11.9700003
    },
    {
      "x": 14.4169998,
      "y": 11.5360003
    }
  ],
  [
    {
      "x": 12.6529999,
      "y": 11.8380003
    },
    {
      "x": 12.0319996,
      "y": 11.5349998
    }
  ],
  [
    {
      "x": 12.0319996,
      "y": 11.5349998
    },
    {
      "x": 11.5889997,
      "y": 12.4829998
    },
    {
      "x": 11.8050003,
      "y": 12.6129999
    }
  ],
  [
    {
      "x": 9.4359465,
      "y": 11.8520765
    },
    {
      "x": 9.2075806,
      "y": 11.6911201
    },
    {
      "x": 9.0829287,
      "y": 11.6607199
    },
    {
      "x": 8.7513046,
      "y": 11.3954697
    }
  ],
  [
    {
      "x": 5.8659868,
      "y": 11.3281698
    },
    {
      "x": 6.7588978,
      "y": 12.4864607
    }
  ],
  [
    {
      "x": 5.1874361,
      "y": 12.6099167
    },
    {
      "x": 5.4560661,
      "y": 11.6361103
    },
    {
      "x": 5.8659868,
      "y": 11.3281698
    }
  ],
  [
    {
      "x": 15.2513304,
      "y": 11.3118668
    },
    {
      "x": 15.6370001,
      "y": 11.5179996
    },
    {
      "x": 15.8070002,
      "y": 11.6070004
    },
    {
      "x": 16.0639992,
      "y": 11.717
    }
  ],
  [
    {
      "x": 14.7060003,
      "y": 12.25
    },
    {
      "x": 15.2513304,
      "y": 11.3118668
    }
  ],
  [
    {
      "x": 7.3959999,
      "y": 11.2959995
    },
    {
      "x": 6.7588978,
      "y": 12.4864607
    }
  ],
  [
    {
      "x": 13.8603544,
      "y": 11.2842188
    },
    {
      "x": 13.3966837,
      "y": 12.2042065
    }
  ],
  [
    {
      "x": 14.4169998,
      "y": 11.5360003
    },
    {
      "x": 13.8927059,
      "y": 11.2200298
    }
  ],
  [
    {
      "x": 13.8927059,
      "y": 11.2200298
    },
    {
      "x": 13.8603544,
      "y": 11.2842188
    }
  ],
  [
    {
      "x": 9.8386745,
      "y": 11.2184
    },
    {
      "x": 10.3213997,
      "y": 11.5825596
    }
  ],
  [
    {
      "x": 9.5583115,
      "y": 11.6595411
    },
    {
      "x": 9.8386745,
      "y": 11.2184
    }
  ],
  [
    {
      "x": 7.4589009,
      "y": 11.1870003
    },
    {
      "x": 8.0833921,
      "y": 11.63976
    }
  ],
  [
    {
      "x": 7.3959999,
      "y": 11.2959995
    },
    {
      "x": 7.4589009,
      "y": 11.1870003
    }
  ],
  [
    {
      "x": 15.2513304,
      "y": 11.3118668
    },
    {
      "x": 15.3559999,
      "y": 11.1470003
    }
  ],
  [
    {
      "x": 16.3017616,
      "y": 11.123909
    },
    {
      "x": 16.8250008,
      "y": 11.4949999
    },
    {
      "x": 17.1439991,
      "y": 11.71
    },
    {
      "x": 17.3999996,
      "y": 11.8079996
    },
    {
      "x": 17.4720001,
      "y": 11.8070002
    },
    {
      "x": 17.9696884,
      "y": 12.0475893
    }
  ],
  [
    {
      "x": 16.0639992,
      "y": 11.717
    },
    {
      "x": 16.2770004,
      "y": 11.1890001
    },
    {
      "x": 16.3017616,
      "y": 11.123909
    }
  ],
  [
    {
      "x": 12.0319996,
      "y": 11.5349998
    },
    {
      "x": 11.2035303,
      "y": 11.1105404
    }
  ],
  [
    {
      "x": 10.8373804,
      "y": 11.9244013
    },
    {
      "x": 11.2035303,
      "y": 11.1105404
    }
  ],
  [
    {
      "x": 15.4517279,
      "y": 10.9671221
    },
    {
      "x": 15.8360004,
      "y": 11.243
    }
  ],
  [
    {
      "x": 15.3559999,
      "y": 11.1470003
    },
    {
      "x": 15.4517279,
      "y": 10.9671221
    }
  ],
  [
    {
      "x": 18.459528,
      "y": 10.9356441
    },
    {
      "x": 18.8080006,
      "y": 11.1540003
    },
    {
      "x": 19.4159222,
      "y": 11.538805
    }
  ],
  [
    {
      "x": 18.1510162,
      "y": 11.635972
    },
    {
      "x": 18.459528,
      "y": 10.9356441
    }
  ],
  [
    {
      "x": 19.6851063,
      "y": 11.6994572
    },
    {
      "x": 19.707737,
      "y": 10.9016447
    }
  ],
  [
    {
      "x": 19.4159222,
      "y": 11.538805
    },
    {
      "x": 19.707737,
      "y": 10.9016447
    }
  ],
  [
    {
      "x": 13.1271353,
      "y": 10.8527298
    },
    {
      "x": 13.8603544,
      "y": 11.2842188
    }
  ],
  [
    {
      "x": 12.6529999,
      "y": 11.8380003
    },
    {
      "x": 12.7919998,
      "y": 11.5120001
    },
    {
      "x": 13.0740004,
      "y": 10.9589996
    },
    {
      "x": 13.1271353,
      "y": 10.8527298
    }
  ],
  [
    {
      "x": 15.3559999,
      "y": 11.1470003
    },
    {
      "x": 14.8257446,
      "y": 10.850667
    }
  ],
  [
    {
      "x": 14.4169998,
      "y": 11.5360003
    },
    {
      "x": 14.6879997,
      "y": 11.0889997
    },
    {
      "x": 14.8257446,
      "y": 10.850667
    }
  ],
  [
    {
      "x": 9.3511257,
      "y": 10.8246183
    },
    {
      "x": 9.8386745,
      "y": 11.2184
    }
  ],
  [
    {
      "x": 9.3511257,
      "y": 10.8246183
    },
    {
      "x": 9.0457125,
      "y": 11.2711496
    }
  ],
  [
    {
      "x": 19.707737,
      "y": 10.9016447
    },
    {
      "x": 19.7100048,
      "y": 10.8217096
    }
  ],
  [
    {
      "x": 10.3213997,
      "y": 11.5825596
    },
    {
      "x": 10.77036,
      "y": 10.7723598
    }
  ],
  [
    {
      "x": 5.3715849,
      "y": 10.6868267
    },
    {
      "x": 5.8659868,
      "y": 11.3281698
    }
  ],
  [
    {
      "x": 4.9313369,
      "y": 11.5090504
    },
    {
      "x": 5.0630178,
      "y": 10.8767004
    },
    {
      "x": 5.3715849,
      "y": 10.6868267
    }
  ],
  [
    {
      "x": 15.6397247,
      "y": 10.6454229
    },
    {
      "x": 16.3017616,
      "y": 11.123909
    }
  ],
  [
    {
      "x": 15.4517279,
      "y": 10.9671221
    },
    {
      "x": 15.6397247,
      "y": 10.6454229
    }
  ],
  [
    {
      "x": 15.6397247,
      "y": 10.6454229
    },
    {
      "x": 15.5965776,
      "y": 10.6166334
    }
  ],
  [
    {
      "x": 10.77036,
      "y": 10.7723598
    },
    {
      "x": 10.8647203,
      "y": 10.5992098
    }
  ],
  [
    {
      "x": 12.6410398,
      "y": 10.5644312
    },
    {
      "x": 13.1271353,
      "y": 10.8527298
    }
  ],
  [
    {
      "x": 8.9821606,
      "y": 10.5338202
    },
    {
      "x": 9.3511257,
      "y": 10.8246183
    }
  ],
  [
    {
      "x": 8.0833921,
      "y": 11.63976
    },
    {
      "x": 8.9821606,
      "y": 10.5338202
    }
  ],
  [
    {
      "x": 14.8257446,
      "y": 10.850667
    },
    {
      "x": 14.243,
      "y": 10.5249996
    },
    {
      "x": 13.8927059,
      "y": 11.2200298
    }
  ],
  [
    {
      "x": 10.3505497,
      "y": 10.4686728
    },
    {
      "x": 10.77036,
      "y": 10.7723598
    }
  ],
  [
    {
      "x": 9.8386745,
      "y": 11.2184
    },
    {
      "x": 10.3505497,
      "y": 10.4686728
    }
  ],
  [
    {
      "x": 12.4594259,
      "y": 10.4567184
    },
    {
      "x": 12.6410398,
      "y": 10.5644312
    }
  ],
  [
    {
      "x": 12.2512302,
      "y": 10.8542404
    },
    {
      "x": 12.4594259,
      "y": 10.4567184
    }
  ],
  [
    {
      "x": 15.1669998,
      "y": 10.3299999
    },
    {
      "x": 15.5965776,
      "y": 10.6166334
    }
  ],
  [
    {
      "x": 14.8257446,
      "y": 10.850667
    },
    {
      "x": 14.9709997,
      "y": 10.5930004
    },
    {
      "x": 15.1669998,
      "y": 10.3299999
    }
  ],
  [
    {
      "x": 5.0901632,
      "y": 10.321764
    },
    {
      "x": 5.3715849,
      "y": 10.6868267
    }
  ],
  [
    {
      "x": 16.6480007,
      "y": 10.2989998
    },
    {
      "x": 16.9279995,
      "y": 10.552
    },
    {
      "x": 17.1100006,
      "y": 10.6969995
    },
    {
      "x": 17.2689991,
      "y": 10.8730001
    },
    {
      "x": 17.4500008,
      "y": 11.1090002
    },
    {
      "x": 17.8279991,
      "y": 11.3900003
    },
    {
      "x": 18.1510162,
      "y": 11.635972
    }
  ],
  [
    {
      "x": 16.3017616,
      "y": 11.123909
    },
    {
      "x": 16.4440002,
      "y": 10.75
    },
    {
      "x": 16.6480007,
      "y": 10.2989998
    }
  ],
  [
    {
      "x": 15.1669998,
      "y": 10.3299999
    },
    {
      "x": 15.0657091,
      "y": 10.2674713
    }
  ],
  [
    {
      "x": 12.1054001,
      "y": 10.2467499
    },
    {
      "x": 12.4594259,
      "y": 10.4567184
    }
  ],
  [
    {
      "x": 18.7706013,
      "y": 10.2303782
    },
    {
      "x": 19.7100048,
      "y": 10.8217096
    }
  ],
  [
    {
      "x": 18.459528,
      "y": 10.9356441
    },
    {
      "x": 18.5510006,
      "y": 10.7279997
    },
    {
      "x": 18.7706013,
      "y": 10.2303782
    }
  ],
  [
    {
      "x": 5.0901632,
      "y": 10.321764
    },
    {
      "x": 5.0691819,
      "y": 10.41014
    },
    {
      "x": 4.3077641,
      "y": 10.2040005
    }
  ],
  [
    {
      "x": 4.3077641,
      "y": 10.2040005
    },
    {
      "x": 3.743839,
      "y": 12.0125303
    },
    {
      "x": 4.25,
      "y": 12.3050003
    }
  ],
  [
    {
      "x": 11.8282614,
      "y": 10.0615549
    },
    {
      "x": 12.1054001,
      "y": 10.2467499
    }
  ],
  [
    {
      "x": 11.2035303,
      "y": 11.1105404
    },
    {
      "x": 11.5598402,
      "y": 10.4594402
    },
    {
      "x": 11.8282614,
      "y": 10.0615549
    }
  ],
  [
    {
      "x": 15.0657091,
      "y": 10.2674713
    },
    {
      "x": 15.2250004,
      "y": 10.059
    }
  ],
  [
    {
      "x": 16.6480007,
      "y": 10.2989998
    },
    {
      "x": 16.9459991,
      "y": 10.0389996
    }
  ],
  [
    {
      "x": 7.4589009,
      "y": 11.1870003
    },
    {
      "x": 8.1350374,
      "y": 10.0153532
    }
  ],
  [
    {
      "x": 19.7100048,
      "y": 10.8217096
    },
    {
      "x": 19.7342319,
      "y": 9.967659
    }
  ],
  [
    {
      "x": 17.0279999,
      "y": 9.9549999
    },
    {
      "x": 17.2290001,
      "y": 10.125
    },
    {
      "x": 17.6429996,
      "y": 10.4239998
    },
    {
      "x": 18.459528,
      "y": 10.9356441
    }
  ],
  [
    {
      "x": 16.9459991,
      "y": 10.0389996
    },
    {
      "x": 17.0279999,
      "y": 9.9549999
    }
  ],
  [
    {
      "x": 15.0657091,
      "y": 10.2674713
    },
    {
      "x": 14.5319996,
      "y": 9.9379997
    }
  ],
  [
    {
      "x": 4.3077641,
      "y": 10.2040005
    },
    {
      "x": 3.547796,
      "y": 9.882741
    }
  ],
  [
    {
      "x": 3.547796,
      "y": 9.882741
    },
    {
      "x": 3.4498279,
      "y": 15.1688366
    }
  ],
  [
    {
      "x": 16.0209999,
      "y": 9.8280001
    },
    {
      "x": 16.6480007,
      "y": 10.2989998
    }
  ],
  [
    {
      "x": 15.5965776,
      "y": 10.6166334
    },
    {
      "x": 16.0209999,
      "y": 9.8280001
    }
  ],
  [
    {
      "x": 8.9821606,
      "y": 10.5338202
    },
    {
      "x": 9.5630398,
      "y": 9.8128672
    }
  ],
  [
    {
      "x": 11.8282614,
      "y": 10.0615549
    },
    {
      "x": 11.48915,
      "y": 9.810339
    }
  ],
  [
    {
      "x": 15.2250004,
      "y": 10.059
    },
    {
      "x": 14.8459997,
      "y": 9.7840004
    }
  ],
  [
    {
      "x": 17.0279999,
      "y": 9.9549999
    },
    {
      "x": 17.2169991,
      "y": 9.7259998
    }
  ],
  [
    {
      "x": 15.7853088,
      "y": 9.6567307
    },
    {
      "x": 16.0209999,
      "y": 9.8280001
    }
  ],
  [
    {
      "x": 15.7853088,
      "y": 9.6567307
    },
    {
      "x": 15.5459995,
      "y": 10.0270004
    }
  ],
  [
    {
      "x": 19.0654373,
      "y": 9.562274
    },
    {
      "x": 19.7342319,
      "y": 9.967659
    }
  ],
  [
    {
      "x": 18.7706013,
      "y": 10.2303782
    },
    {
      "x": 19.0654373,
      "y": 9.562274
    }
  ],
  [
    {
      "x": 15.6025696,
      "y": 9.5083771
    },
    {
      "x": 15.7209997,
      "y": 9.6099997
    },
    {
      "x": 15.7853088,
      "y": 9.6567307
    }
  ],
  [
    {
      "x": 15.2250004,
      "y": 10.059
    },
    {
      "x": 15.6025696,
      "y": 9.5083771
    }
  ],
  [
    {
      "x": 6.0532022,
      "y": 9.4900789
    },
    {
      "x": 7.3959999,
      "y": 11.2959995
    }
  ],
  [
    {
      "x": 6.0532022,
      "y": 9.4900789
    },
    {
      "x": 5.2596159,
      "y": 10.0978498
    },
    {
      "x": 5.1050048,
      "y": 10.2592497
    },
    {
      "x": 5.0901632,
      "y": 10.321764
    }
  ],
  [
    {
      "x": 11.48915,
      "y": 9.810339
    },
    {
      "x": 11.0319405,
      "y": 9.4706602
    }
  ],
  [
    {
      "x": 10.3505497,
      "y": 10.4686728
    },
    {
      "x": 11.0319405,
      "y": 9.4706602
    }
  ],
  [
    {
      "x": 16.3169994,
      "y": 9.4689999
    },
    {
      "x": 16.9459991,
      "y": 10.0389996
    }
  ],
  [
    {
      "x": 16.0209999,
      "y": 9.8280001
    },
    {
      "x": 16.3169994,
      "y": 9.4689999
    }
  ],
  [
    {
      "x": 15.3622665,
      "y": 9.3021784
    },
    {
      "x": 15.6025696,
      "y": 9.5083771
    }
  ],
  [
    {
      "x": 8.1350374,
      "y": 10.0153532
    },
    {
      "x": 6.772264,
      "y": 9.1731348
    }
  ],
  [
    {
      "x": 8.6268063,
      "y": 9.163188
    },
    {
      "x": 9.5630398,
      "y": 9.8128672
    }
  ],
  [
    {
      "x": 8.1350374,
      "y": 10.0153532
    },
    {
      "x": 8.6268063,
      "y": 9.163188
    }
  ],
  [
    {
      "x": 11.0319405,
      "y": 9.4706602
    },
    {
      "x": 10.6160746,
      "y": 9.1589956
    }
  ],
  [
    {
      "x": 10.6160746,
      "y": 9.1589956
    },
    {
      "x": 9.6626434,
      "y": 10.4113703
    }
  ],
  [
    {
      "x": 19.0654373,
      "y": 9.562274
    },
    {
      "x": 19.3062916,
      "y": 9.090313
    }
  ],
  [
    {
      "x": 17.2169991,
      "y": 9.7259998
    },
    {
      "x": 16.552,
      "y": 9.0880003
    }
  ],
  [
    {
      "x": 16.4120007,
      "y": 9.2849998
    },
    {
      "x": 16.552,
      "y": 9.0880003
    }
  ],
  [
    {
      "x": 8.6268063,
      "y": 9.163188
    },
    {
      "x": 8.7021122,
      "y": 9.0623713
    }
  ],
  [
    {
      "x": 6.544517,
      "y": 9.0438137
    },
    {
      "x": 6.0532022,
      "y": 9.4900789
    }
  ],
  [
    {
      "x": 12.0264416,
      "y": 9.0231791
    },
    {
      "x": 11.48915,
      "y": 9.810339
    }
  ],
  [
    {
      "x": 14.9926939,
      "y": 8.9881172
    },
    {
      "x": 15.2629995,
      "y": 9.217
    },
    {
      "x": 15.3622665,
      "y": 9.3021784
    }
  ],
  [
    {
      "x": 14.9926939,
      "y": 8.9881172
    },
    {
      "x": 14.6780005,
      "y": 9.3800001
    },
    {
      "x": 14.4619999,
      "y": 9.6459999
    },
    {
      "x": 14.0200005,
      "y": 10.4259996
    }
  ],
  [
    {
      "x": 10.6160746,
      "y": 9.1589956
    },
    {
      "x": 10.287982,
      "y": 8.9131107
    }
  ],
  [
    {
      "x": 9.5630398,
      "y": 9.8128672
    },
    {
      "x": 10.287982,
      "y": 8.9131107
    }
  ],
  [
    {
      "x": 16.3169994,
      "y": 9.4689999
    },
    {
      "x": 15.7329998,
      "y": 8.8850002
    }
  ],
  [
    {
      "x": 15.7329998,
      "y": 8.8850002
    },
    {
      "x": 15.3622665,
      "y": 9.3021784
    }
  ],
  [
    {
      "x": 14.7312241,
      "y": 8.7499294
    },
    {
      "x": 14.8780003,
      "y": 8.8909998
    },
    {
      "x": 14.9926939,
      "y": 8.9881172
    }
  ],
  [
    {
      "x": 19.0654373,
      "y": 9.562274
    },
    {
      "x": 17.9060001,
      "y": 8.7220001
    }
  ],
  [
    {
      "x": 17.2169991,
      "y": 9.7259998
    },
    {
      "x": 17.9060001,
      "y": 8.7220001
    }
  ],
  [
    {
      "x": 14.6852283,
      "y": 8.7057219
    },
    {
      "x": 14.7312241,
      "y": 8.7499294
    }
  ],
  [
    {
      "x": 13.1271353,
      "y": 10.8527298
    },
    {
      "x": 13.1599998,
      "y": 10.7869997
    },
    {
      "x": 13.7889996,
      "y": 9.8599997
    },
    {
      "x": 14.2889996,
      "y": 9.1920004
    },
    {
      "x": 14.6852283,
      "y": 8.7057219
    }
  ],
  [
    {
      "x": 16.552,
      "y": 9.0880003
    },
    {
      "x": 16.758667,
      "y": 8.6988859
    }
  ],
  [
    {
      "x": 10.287982,
      "y": 8.9131107
    },
    {
      "x": 9.8828268,
      "y": 8.5975475
    }
  ],
  [
    {
      "x": 16.758667,
      "y": 8.6988859
    },
    {
      "x": 16.8862286,
      "y": 8.4587135
    }
  ],
  [
    {
      "x": 11.1494913,
      "y": 8.3766632
    },
    {
      "x": 12.0264416,
      "y": 9.0231791
    }
  ],
  [
    {
      "x": 11.1494913,
      "y": 8.3766632
    },
    {
      "x": 10.6160746,
      "y": 9.1589956
    }
  ],
  [
    {
      "x": 15.7329998,
      "y": 8.8850002
    },
    {
      "x": 15.6820002,
      "y": 8.79
    },
    {
      "x": 15.6420002,
      "y": 8.7530003
    },
    {
      "x": 15.493,
      "y": 8.6420002
    },
    {
      "x": 15.3889999,
      "y": 8.5430002
    },
    {
      "x": 15.1099997,
      "y": 8.3179998
    }
  ],
  [
    {
      "x": 14.7312241,
      "y": 8.7499294
    },
    {
      "x": 15.1099997,
      "y": 8.3179998
    }
  ],
  [
    {
      "x": 18.1122017,
      "y": 8.2802267
    },
    {
      "x": 18.4090004,
      "y": 8.4799995
    },
    {
      "x": 18.6949997,
      "y": 8.6920004
    },
    {
      "x": 18.8999996,
      "y": 8.842
    },
    {
      "x": 19.3062916,
      "y": 9.090313
    }
  ],
  [
    {
      "x": 17.9060001,
      "y": 8.7220001
    },
    {
      "x": 18.1122017,
      "y": 8.2802267
    }
  ],
  [
    {
      "x": 9.8828268,
      "y": 8.5975475
    },
    {
      "x": 9.725832,
      "y": 8.4752684
    },
    {
      "x": 9.1636944,
      "y": 8.2275248
    }
  ],
  [
    {
      "x": 8.7021122,
      "y": 9.0623713
    },
    {
      "x": 9.0671844,
      "y": 8.4000759
    },
    {
      "x": 9.1636944,
      "y": 8.2275248
    }
  ],
  [
    {
      "x": 16.8862286,
      "y": 8.4587135
    },
    {
      "x": 16.5030003,
      "y": 8.2040005
    }
  ],
  [
    {
      "x": 15.1099997,
      "y": 8.3179998
    },
    {
      "x": 15.2008905,
      "y": 8.2018261
    }
  ],
  [
    {
      "x": 14.137084,
      "y": 8.1869307
    },
    {
      "x": 14.415,
      "y": 8.4460001
    },
    {
      "x": 14.6852283,
      "y": 8.7057219
    }
  ],
  [
    {
      "x": 12.6410398,
      "y": 10.5644312
    },
    {
      "x": 13.3952198,
      "y": 9.188612
    },
    {
      "x": 13.78479,
      "y": 8.644908
    },
    {
      "x": 14.137084,
      "y": 8.1869307
    }
  ],
  [
    {
      "x": 12.6530275,
      "y": 8.105197
    },
    {
      "x": 12.0264416,
      "y": 9.0231791
    }
  ],
  [
    {
      "x": 5.0223222,
      "y": 8.1036558
    },
    {
      "x": 6.0532022,
      "y": 9.4900789
    }
  ],
  [
    {
      "x": 5.0223222,
      "y": 8.1036558
    },
    {
      "x": 4.3077641,
      "y": 10.2040005
    }
  ],
  [
    {
      "x": 17.0809994,
      "y": 8.092
    },
    {
      "x": 17.9060001,
      "y": 8.7220001
    }
  ],
  [
    {
      "x": 16.8862286,
      "y": 8.4587135
    },
    {
      "x": 17.0809994,
      "y": 8.092
    }
  ],
  [
    {
      "x": 9.1636944,
      "y": 8.2275248
    },
    {
      "x": 9.2483673,
      "y": 8.087018
    }
  ],
  [
    {
      "x": 3.5814071,
      "y": 8.0692205
    },
    {
      "x": 3.547796,
      "y": 9.882741
    }
  ],
  [
    {
      "x": 7.043314,
      "y": 7.9979448
    },
    {
      "x": 8.7021122,
      "y": 9.0623713
    }
  ],
  [
    {
      "x": 9.0185366,
      "y": 7.9805012
    },
    {
      "x": 9.2483673,
      "y": 8.087018
    }
  ],
  [
    {
      "x": 9.2483673,
      "y": 8.087018
    },
    {
      "x": 9.3637047,
      "y": 7.8798819
    }
  ],
  [
    {
      "x": 18.327755,
      "y": 7.818418
    },
    {
      "x": 19.5550003,
      "y": 8.6099997
    },
    {
      "x": 19.3062916,
      "y": 9.090313
    }
  ],
  [
    {
      "x": 18.1122017,
      "y": 8.2802267
    },
    {
      "x": 18.327755,
      "y": 7.818418
    }
  ],
  [
    {
      "x": 7.043314,
      "y": 7.9979448
    },
    {
      "x": 6.8860431,
      "y": 8.2609034
    },
    {
      "x": 6.1852441,
      "y": 7.7992458
    }
  ],
  [
    {
      "x": 15.5270004,
      "y": 7.7849998
    },
    {
      "x": 16.758667,
      "y": 8.6988859
    }
  ],
  [
    {
      "x": 15.2008905,
      "y": 8.2018261
    },
    {
      "x": 15.5270004,
      "y": 7.7849998
    }
  ],
  [
    {
      "x": 13.6739378,
      "y": 7.7551918
    },
    {
      "x": 14.137084,
      "y": 8.1869307
    }
  ],
  [
    {
      "x": 12.1054001,
      "y": 10.2467499
    },
    {
      "x": 12.7395,
      "y": 9.0152683
    },
    {
      "x": 13.6739378,
      "y": 7.7551918
    }
  ],
  [
    {
      "x": 15.5270004,
      "y": 7.7849998
    },
    {
      "x": 15.5609999,
      "y": 7.744
    }
  ],
  [
    {
      "x": 19.7342319,
      "y": 9.967659
    },
    {
      "x": 19.7973919,
      "y": 7.7411528
    }
  ],
  [
    {
      "x": 15.3190002,
      "y": 7.527
    },
    {
      "x": 15.2740002,
      "y": 7.579
    },
    {
      "x": 15.5609999,
      "y": 7.744
    }
  ],
  [
    {
      "x": 8.2065783,
      "y": 7.5214062
    },
    {
      "x": 9.0185366,
      "y": 7.9805012
    }
  ],
  [
    {
      "x": 14.165,
      "y": 7.5149999
    },
    {
      "x": 14.4250002,
      "y": 7.8000002
    },
    {
      "x": 14.5600004,
      "y": 7.6550002
    },
    {
      "x": 15.2008905,
      "y": 8.2018261
    }
  ],
  [
    {
      "x": 14.9619999,
      "y": 7.507
    },
    {
      "x": 15.2639999,
      "y": 7.7610002
    }
  ],
  [
    {
      "x": 15.0950003,
      "y": 7.9120002
    },
    {
      "x": 14.835,
      "y": 7.6529999
    },
    {
      "x": 14.9619999,
      "y": 7.507
    }
  ],
  [
    {
      "x": 18.327755,
      "y": 7.818418
    },
    {
      "x": 18.5060005,
      "y": 7.4720001
    }
  ],
  [
    {
      "x": 8.5915565,
      "y": 7.4712501
    },
    {
      "x": 9.3637047,
      "y": 7.8798819
    }
  ],
  [
    {
      "x": 11.7894554,
      "y": 7.4380651
    },
    {
      "x": 12.6530275,
      "y": 8.105197
    }
  ],
  [
    {
      "x": 11.7894554,
      "y": 7.4380651
    },
    {
      "x": 11.1494913,
      "y": 8.3766632
    }
  ],
  [
    {
      "x": 19.2955208,
      "y": 7.436564
    },
    {
      "x": 19.7973919,
      "y": 7.7411528
    }
  ],
  [
    {
      "x": 9.8828268,
      "y": 8.5975475
    },
    {
      "x": 10.6393805,
      "y": 7.406045
    }
  ],
  [
    {
      "x": 15.1020002,
      "y": 7.3280001
    },
    {
      "x": 15.3190002,
      "y": 7.527
    }
  ],
  [
    {
      "x": 14.9619999,
      "y": 7.507
    },
    {
      "x": 15.1020002,
      "y": 7.3280001
    }
  ],
  [
    {
      "x": 13.1941566,
      "y": 7.3124142
    },
    {
      "x": 13.4860001,
      "y": 7.5799999
    },
    {
      "x": 13.6739378,
      "y": 7.7551918
    }
  ],
  [
    {
      "x": 13.1941566,
      "y": 7.3124142
    },
    {
      "x": 12.6530275,
      "y": 8.105197
    }
  ],
  [
    {
      "x": 15.3190002,
      "y": 7.527
    },
    {
      "x": 15.4960003,
      "y": 7.3119998
    }
  ],
  [
    {
      "x": 8.2383413,
      "y": 7.2254648
    },
    {
      "x": 8.5915565,
      "y": 7.4712501
    }
  ],
  [
    {
      "x": 12.0388098,
      "y": 7.0882711
    },
    {
      "x": 11.7894554,
      "y": 7.4380651
    }
  ],
  [
    {
      "x": 17.5764389,
      "y": 7.0717092
    },
    {
      "x": 18.5060005,
      "y": 7.4720001
    }
  ],
  [
    {
      "x": 17.0809994,
      "y": 8.092
    },
    {
      "x": 17.3710003,
      "y": 7.4679999
    },
    {
      "x": 17.5764389,
      "y": 7.0717092
    }
  ],
  [
    {
      "x": 4.2529998,
      "y": 7.0689998
    },
    {
      "x": 5.0223222,
      "y": 8.1036558
    }
  ],
  [
    {
      "x": 4.2529998,
      "y": 7.0689998
    },
    {
      "x": 3.5814071,
      "y": 8.0692205
    }
  ],
  [
    {
      "x": 18.680275,
      "y": 7.0631671
    },
    {
      "x": 19.2955208,
      "y": 7.436564
    }
  ],
  [
    {
      "x": 18.5060005,
      "y": 7.4720001
    },
    {
      "x": 18.680275,
      "y": 7.0631671
    }
  ],
  [
    {
      "x": 6.1852441,
      "y": 7.7992458
    },
    {
      "x": 5.66609,
      "y": 7.4148331
    },
    {
      "x": 5.5974889,
      "y": 7.33921
    },
    {
      "x": 5.6095219,
      "y": 7.2458701
    },
    {
      "x": 5.5875592,
      "y": 7.2002902
    },
    {
      "x": 5.360157,
      "y": 7.0399351
    }
  ],
  [
    {
      "x": 15.5609999,
      "y": 7.744
    },
    {
      "x": 15.6999998,
      "y": 7.3940001
    },
    {
      "x": 15.8640003,
      "y": 7.007
    }
  ],
  [
    {
      "x": 10.6393805,
      "y": 7.406045
    },
    {
      "x": 9.8741417,
      "y": 6.9631839
    }
  ],
  [
    {
      "x": 9.3637047,
      "y": 7.8798819
    },
    {
      "x": 9.8741417,
      "y": 6.9631839
    }
  ],
  [
    {
      "x": 6.7296228,
      "y": 6.96101
    },
    {
      "x": 6.1852441,
      "y": 7.7992458
    }
  ],
  [
    {
      "x": 15.8640003,
      "y": 7.007
    },
    {
      "x": 15.4460001,
      "y": 6.927
    },
    {
      "x": 15.3170004,
      "y": 7.1020002
    }
  ],
  [
    {
      "x": 13.5439301,
      "y": 6.8594022
    },
    {
      "x": 13.9350004,
      "y": 7.1890001
    }
  ],
  [
    {
      "x": 13.5439301,
      "y": 6.8594022
    },
    {
      "x": 13.1941566,
      "y": 7.3124142
    }
  ],
  [
    {
      "x": 11.5326204,
      "y": 6.9868431
    },
    {
      "x": 11.6609097,
      "y": 6.809978
    },
    {
      "x": 12.0388098,
      "y": 7.0882711
    }
  ],
  [
    {
      "x": 15.9359312,
      "y": 6.7816591
    },
    {
      "x": 16.3010006,
      "y": 7.006
    },
    {
      "x": 16.8220005,
      "y": 7.3249998
    }
  ],
  [
    {
      "x": 15.8640003,
      "y": 7.007
    },
    {
      "x": 15.9359312,
      "y": 6.7816591
    }
  ],
  [
    {
      "x": 4.2529998,
      "y": 7.0689998
    },
    {
      "x": 3.608146,
      "y": 6.6264238
    }
  ],
  [
    {
      "x": 3.608146,
      "y": 6.6264238
    },
    {
      "x": 3.5814071,
      "y": 8.0692205
    }
  ],
  [
    {
      "x": 15.9359312,
      "y": 6.7816591
    },
    {
      "x": 15.9770002,
      "y": 6.6529999
    },
    {
      "x": 16.0006237,
      "y": 6.598434
    }
  ],
  [
    {
      "x": 12.3836756,
      "y": 6.5711508
    },
    {
      "x": 12.7159996,
      "y": 6.8740001
    },
    {
      "x": 13.1941566,
      "y": 7.3124142
    }
  ],
  [
    {
      "x": 12.3836756,
      "y": 6.5711508
    },
    {
      "x": 12.0388098,
      "y": 7.0882711
    }
  ],
  [
    {
      "x": 9.8741417,
      "y": 6.9631839
    },
    {
      "x": 9.1696234,
      "y": 6.4773788
    }
  ],
  [
    {
      "x": 9.1696234,
      "y": 6.4773788
    },
    {
      "x": 8.5915565,
      "y": 7.4712501
    }
  ],
  [
    {
      "x": 16.0006237,
      "y": 6.598434
    },
    {
      "x": 14.9809999,
      "y": 6.473
    }
  ],
  [
    {
      "x": 14.0550003,
      "y": 6.835
    },
    {
      "x": 14.585,
      "y": 7.2600002
    },
    {
      "x": 14.7539997,
      "y": 7.066
    },
    {
      "x": 14.8299999,
      "y": 7.0300002
    },
    {
      "x": 14.9280005,
      "y": 6.9120002
    },
    {
      "x": 14.9809999,
      "y": 6.473
    }
  ],
  [
    {
      "x": 19.7973919,
      "y": 7.7411528
    },
    {
      "x": 19.8334618,
      "y": 6.4696159
    }
  ],
  [
    {
      "x": 19.2955208,
      "y": 7.436564
    },
    {
      "x": 19.8334618,
      "y": 6.4696159
    }
  ],
  [
    {
      "x": 5.8547659,
      "y": 6.449976
    },
    {
      "x": 6.7296228,
      "y": 6.96101
    }
  ],
  [
    {
      "x": 9.8741417,
      "y": 6.9631839
    },
    {
      "x": 10.1989317,
      "y": 6.3798909
    }
  ],
  [
    {
      "x": 9.1696234,
      "y": 6.4773788
    },
    {
      "x": 8.9803562,
      "y": 6.369051
    }
  ],
  [
    {
      "x": 13.9549999,
      "y": 6.3270001
    },
    {
      "x": 14.9809999,
      "y": 6.473
    }
  ],
  [
    {
      "x": 13.9549999,
      "y": 6.3270001
    },
    {
      "x": 13.5439301,
      "y": 6.8594022
    }
  ],
  [
    {
      "x": 8.9803562,
      "y": 6.369051
    },
    {
      "x": 8.9052429,
      "y": 6.316586
    }
  ],
  [
    {
      "x": 9.9764957,
      "y": 6.2520528
    },
    {
      "x": 10.1989317,
      "y": 6.3798909
    }
  ],
  [
    {
      "x": 19.8334618,
      "y": 6.4696159
    },
    {
      "x": 19.0699177,
      "y": 6.0947471
    }
  ],
  [
    {
      "x": 18.680275,
      "y": 7.0631671
    },
    {
      "x": 18.9239998,
      "y": 6.5409999
    },
    {
      "x": 19.0540009,
      "y": 6.1719999
    },
    {
      "x": 19.0699177,
      "y": 6.0947471
    }
  ],
  [
    {
      "x": 16.0006237,
      "y": 6.598434
    },
    {
      "x": 16.1189995,
      "y": 6.3249998
    },
    {
      "x": 16.2212505,
      "y": 6.0893149
    }
  ],
  [
    {
      "x": 8.9803562,
      "y": 6.369051
    },
    {
      "x": 9.1711073,
      "y": 6.0717611
    }
  ],
  [
    {
      "x": 9.6064482,
      "y": 6.038558
    },
    {
      "x": 9.9764957,
      "y": 6.2520528
    }
  ],
  [
    {
      "x": 19.8334618,
      "y": 6.4696159
    },
    {
      "x": 19.8362751,
      "y": 6.3704329
    },
    {
      "x": 19.8458424,
      "y": 6.0331941
    }
  ],
  [
    {
      "x": 15.5710001,
      "y": 5.9920001
    },
    {
      "x": 16.2212505,
      "y": 6.0893149
    }
  ],
  [
    {
      "x": 11.6892138,
      "y": 5.9327779
    },
    {
      "x": 12.3836756,
      "y": 6.5711508
    }
  ],
  [
    {
      "x": 10.6393805,
      "y": 7.406045
    },
    {
      "x": 11.1638498,
      "y": 6.5722342
    },
    {
      "x": 11.6892138,
      "y": 5.9327779
    }
  ],
  [
    {
      "x": 11.6892138,
      "y": 5.9327779
    },
    {
      "x": 11.5450001,
      "y": 5.9510002
    }
  ],
  [
    {
      "x": 4.9678168,
      "y": 5.9228268
    },
    {
      "x": 5.8547659,
      "y": 6.449976
    }
  ],
  [
    {
      "x": 4.9678168,
      "y": 5.9228268
    },
    {
      "x": 4.2529998,
      "y": 7.0689998
    }
  ],
  [
    {
      "x": 19.0699177,
      "y": 6.0947471
    },
    {
      "x": 19.0949993,
      "y": 5.973
    },
    {
      "x": 19.0990009,
      "y": 5.8390002
    }
  ],
  [
    {
      "x": 12.6246834,
      "y": 5.8145752
    },
    {
      "x": 12.3836756,
      "y": 6.5711508
    }
  ],
  [
    {
      "x": 12.6246834,
      "y": 5.8145752
    },
    {
      "x": 11.6892138,
      "y": 5.9327779
    }
  ],
  [
    {
      "x": 12.9380846,
      "y": 5.774405
    },
    {
      "x": 12.9530001,
      "y": 6.1989999
    },
    {
      "x": 13.1350002,
      "y": 6.3740001
    }
  ],
  [
    {
      "x": 12.9380846,
      "y": 5.774405
    },
    {
      "x": 12.835,
      "y": 5.7880001
    },
    {
      "x": 12.6246834,
      "y": 5.8145752
    }
  ],
  [
    {
      "x": 19.2619991,
      "y": 5.6999998
    },
    {
      "x": 19.8458424,
      "y": 6.0331941
    }
  ],
  [
    {
      "x": 19.0990009,
      "y": 5.8390002
    },
    {
      "x": 19.2619991,
      "y": 5.6999998
    }
  ],
  [
    {
      "x": 19.0990009,
      "y": 5.8390002
    },
    {
      "x": 18.3246307,
      "y": 5.6464381
    }
  ],
  [
    {
      "x": 17.5764389,
      "y": 7.0717092
    },
    {
      "x": 17.8640003,
      "y": 6.5170002
    },
    {
      "x": 18.3246307,
      "y": 5.6464381
    }
  ],
  [
    {
      "x": 11.5450001,
      "y": 5.9510002
    },
    {
      "x": 10.609724,
      "y": 5.6415162
    }
  ],
  [
    {
      "x": 10.1989317,
      "y": 6.3798909
    },
    {
      "x": 10.609724,
      "y": 5.6415162
    }
  ],
  [
    {
      "x": 18.3246307,
      "y": 5.6464381
    },
    {
      "x": 18.1140003,
      "y": 5.5970001
    }
  ],
  [
    {
      "x": 14.4879999,
      "y": 5.5700002
    },
    {
      "x": 14.2379999,
      "y": 5.9840002
    },
    {
      "x": 13.9549999,
      "y": 6.3270001
    }
  ],
  [
    {
      "x": 14.4879999,
      "y": 5.5700002
    },
    {
      "x": 12.9380846,
      "y": 5.774405
    }
  ],
  [
    {
      "x": 5.2339149,
      "y": 5.511199
    },
    {
      "x": 4.9678168,
      "y": 5.9228268
    }
  ],
  [
    {
      "x": 18.1140003,
      "y": 5.5970001
    },
    {
      "x": 17.6034451,
      "y": 5.4671011
    }
  ],
  [
    {
      "x": 17.6034451,
      "y": 5.4671011
    },
    {
      "x": 16.9799995,
      "y": 6.7030001
    }
  ],
  [
    {
      "x": 17.6034451,
      "y": 5.4671011
    },
    {
      "x": 17.4820004,
      "y": 5.4390001
    }
  ],
  [
    {
      "x": 14.9006586,
      "y": 5.418766
    },
    {
      "x": 14.5889997,
      "y": 5.5349998
    },
    {
      "x": 14.4879999,
      "y": 5.5700002
    }
  ],
  [
    {
      "x": 10.609724,
      "y": 5.6415162
    },
    {
      "x": 9.6640987,
      "y": 5.3286061
    }
  ],
  [
    {
      "x": 17.4820004,
      "y": 5.4390001
    },
    {
      "x": 17.0319996,
      "y": 5.3249998
    },
    {
      "x": 16.8929996,
      "y": 5.2820001
    },
    {
      "x": 16.6360226,
      "y": 5.190371
    }
  ],
  [
    {
      "x": 16.2212505,
      "y": 6.0893149
    },
    {
      "x": 16.2600002,
      "y": 6
    },
    {
      "x": 16.4920006,
      "y": 5.5419998
    },
    {
      "x": 16.6360226,
      "y": 5.190371
    }
  ],
  [
    {
      "x": 19.2619991,
      "y": 5.6999998
    },
    {
      "x": 19.5488033,
      "y": 5.1472368
    }
  ],
  [
    {
      "x": 16.6360226,
      "y": 5.190371
    },
    {
      "x": 16.5090008,
      "y": 5.1329999
    },
    {
      "x": 16.3670006,
      "y": 5.1139998
    },
    {
      "x": 16.2000008,
      "y": 5.0999999
    },
    {
      "x": 16.0139999,
      "y": 5.1230001
    },
    {
      "x": 15.6960001,
      "y": 5.2020001
    },
    {
      "x": 15.0769997,
      "y": 5.3530002
    },
    {
      "x": 14.9006586,
      "y": 5.418766
    }
  ],
  [
    {
      "x": 9.6640987,
      "y": 5.3286061
    },
    {
      "x": 8.9399996,
      "y": 5.0890002
    },
    {
      "x": 8.7835855,
      "y": 5.0881882
    }
  ],
  [
    {
      "x": 8.7835855,
      "y": 5.0881882
    },
    {
      "x": 7.043314,
      "y": 7.9979448
    }
  ],
  [
    {
      "x": 16.6360226,
      "y": 5.190371
    },
    {
      "x": 16.6800003,
      "y": 5.0830002
    }
  ],
  [
    {
      "x": 14.6610003,
      "y": 5.0549998
    },
    {
      "x": 14.9006586,
      "y": 5.418766
    }
  ],
  [
    {
      "x": 4.5265012,
      "y": 5.0371218
    },
    {
      "x": 5.2339149,
      "y": 5.511199
    }
  ],
  [
    {
      "x": 10.609724,
      "y": 5.6415162
    },
    {
      "x": 10.6331596,
      "y": 5.5935211
    },
    {
      "x": 10.7034597,
      "y": 5.464922
    },
    {
      "x": 10.79,
      "y": 5.3479919
    },
    {
      "x": 10.9223604,
      "y": 5.2220879
    },
    {
      "x": 11.1044502,
      "y": 5.0831251
    },
    {
      "x": 11.3450403,
      "y": 4.9679508
    }
  ],
  [
    {
      "x": 6.788403,
      "y": 4.9390068
    },
    {
      "x": 5.8547659,
      "y": 6.449976
    }
  ],
  [
    {
      "x": 8.7835855,
      "y": 5.0881882
    },
    {
      "x": 8.5550003,
      "y": 5.0869999
    },
    {
      "x": 8.0236416,
      "y": 4.7520242
    }
  ],
  [
    {
      "x": 8.0236416,
      "y": 4.7520242
    },
    {
      "x": 6.7296228,
      "y": 6.96101
    }
  ],
  [
    {
      "x": 6.788403,
      "y": 4.9390068
    },
    {
      "x": 6.2738051,
      "y": 4.647501
    },
    {
      "x": 6.0294609,
      "y": 4.9168949
    },
    {
      "x": 5.7773108,
      "y": 5.1954622
    },
    {
      "x": 5.5526562,
      "y": 5.4974699
    }
  ],
  [
    {
      "x": 16.6800003,
      "y": 5.0830002
    },
    {
      "x": 15.7796097,
      "y": 4.6266069
    }
  ],
  [
    {
      "x": 18.7102337,
      "y": 4.5974021
    },
    {
      "x": 19.5488033,
      "y": 5.1472368
    }
  ],
  [
    {
      "x": 18.7102337,
      "y": 4.5974021
    },
    {
      "x": 18.1140003,
      "y": 5.5970001
    }
  ],
  [
    {
      "x": 13.198,
      "y": 4.573
    },
    {
      "x": 13.3929996,
      "y": 4.6149998
    },
    {
      "x": 13.5559998,
      "y": 4.6469998
    },
    {
      "x": 13.6990004,
      "y": 4.6890001
    },
    {
      "x": 13.809,
      "y": 4.7249999
    },
    {
      "x": 13.9530001,
      "y": 4.7789998
    },
    {
      "x": 14.1120005,
      "y": 4.8540001
    },
    {
      "x": 14.2720003,
      "y": 4.9200001
    },
    {
      "x": 14.415,
      "y": 4.9780002
    },
    {
      "x": 14.4860001,
      "y": 5.013
    },
    {
      "x": 14.6610003,
      "y": 5.0549998
    }
  ],
  [
    {
      "x": 13.198,
      "y": 4.573
    },
    {
      "x": 12.6246834,
      "y": 5.8145752
    }
  ],
  [
    {
      "x": 19.8458424,
      "y": 6.0331941
    },
    {
      "x": 19.8876877,
      "y": 4.5580668
    }
  ],
  [
    {
      "x": 19.5488033,
      "y": 5.1472368
    },
    {
      "x": 19.8876877,
      "y": 4.5580668
    }
  ],
  [
    {
      "x": 3.6991789,
      "y": 4.482688
    },
    {
      "x": 4.5265012,
      "y": 5.0371218
    }
  ],
  [
    {
      "x": 3.6485059,
      "y": 4.44873
    },
    {
      "x": 3.6991789,
      "y": 4.482688
    }
  ],
  [
    {
      "x": 3.6485059,
      "y": 4.44873
    },
    {
      "x": 3.608146,
      "y": 6.6264238
    }
  ],
  [
    {
      "x": 16.6800003,
      "y": 5.0830002
    },
    {
      "x": 16.8859997,
      "y": 5.138
    },
    {
      "x": 17.4349995,
      "y": 4.3189998
    }
  ],
  [
    {
      "x": 15.7796097,
      "y": 4.6266069
    },
    {
      "x": 15.0819998,
      "y": 4.2729998
    }
  ],
  [
    {
      "x": 14.6610003,
      "y": 5.0549998
    },
    {
      "x": 15.0819998,
      "y": 4.2729998
    }
  ],
  [
    {
      "x": 17.4644604,
      "y": 4.2521591
    },
    {
      "x": 18.0230007,
      "y": 4.6139998
    },
    {
      "x": 17.4820004,
      "y": 5.4390001
    }
  ],
  [
    {
      "x": 17.4349995,
      "y": 4.3189998
    },
    {
      "x": 17.4644604,
      "y": 4.2521591
    }
  ],
  [
    {
      "x": 8.0236416,
      "y": 4.7520242
    },
    {
      "x": 7.2178321,
      "y": 4.2440319
    }
  ],
  [
    {
      "x": 7.2178321,
      "y": 4.2440319
    },
    {
      "x": 6.788403,
      "y": 4.9390068
    }
  ],
  [
    {
      "x": 17.4644604,
      "y": 4.2521591
    },
    {
      "x": 17.5949993,
      "y": 4.0739999
    }
  ],
  [
    {
      "x": 19.0513325,
      "y": 4.0255418
    },
    {
      "x": 19.8876877,
      "y": 4.5580668
    }
  ],
  [
    {
      "x": 19.0513325,
      "y": 4.0255418
    },
    {
      "x": 18.7102337,
      "y": 4.5974021
    }
  ],
  [
    {
      "x": 7.2178321,
      "y": 4.2440319
    },
    {
      "x": 6.5689998,
      "y": 3.835
    }
  ],
  [
    {
      "x": 6.5689998,
      "y": 3.835
    },
    {
      "x": 5.2339149,
      "y": 5.511199
    }
  ],
  [
    {
      "x": 16.5489998,
      "y": 3.8050001
    },
    {
      "x": 17.4349995,
      "y": 4.3189998
    }
  ],
  [
    {
      "x": 19.8876877,
      "y": 4.5580668
    },
    {
      "x": 19.8896084,
      "y": 4.4903941
    },
    {
      "x": 19.9120007,
      "y": 3.701
    },
    {
      "x": 19.2561378,
      "y": 3.6821809
    }
  ],
  [
    {
      "x": 19.2561378,
      "y": 3.6821809
    },
    {
      "x": 19.0513325,
      "y": 4.0255418
    }
  ],
  [
    {
      "x": 16.3569241,
      "y": 3.6810589
    },
    {
      "x": 16.5489998,
      "y": 3.8050001
    }
  ],
  [
    {
      "x": 16.3569241,
      "y": 3.6810589
    },
    {
      "x": 15.7796097,
      "y": 4.6266069
    }
  ],
  [
    {
      "x": 19.2561378,
      "y": 3.6821809
    },
    {
      "x": 18.4994316,
      "y": 3.66047
    }
  ],
  [
    {
      "x": 18.4994316,
      "y": 3.66047
    },
    {
      "x": 19.0513325,
      "y": 4.0255418
    }
  ],
  [
    {
      "x": 18.4994316,
      "y": 3.66047
    },
    {
      "x": 17.8633022,
      "y": 3.6422169
    }
  ],
  [
    {
      "x": 17.5949993,
      "y": 4.0739999
    },
    {
      "x": 17.8633022,
      "y": 3.6422169
    }
  ],
  [
    {
      "x": 17.8633022,
      "y": 3.6422169
    },
    {
      "x": 16.807991,
      "y": 3.611937
    }
  ],
  [
    {
      "x": 16.807991,
      "y": 3.611937
    },
    {
      "x": 17.5949993,
      "y": 4.0739999
    }
  ],
  [
    {
      "x": 16.807991,
      "y": 3.611937
    },
    {
      "x": 16.7561836,
      "y": 3.610451
    },
    {
      "x": 16.6703091,
      "y": 3.6079869
    }
  ],
  [
    {
      "x": 16.5489998,
      "y": 3.8050001
    },
    {
      "x": 16.6703091,
      "y": 3.6079869
    }
  ],
  [
    {
      "x": 16.6703091,
      "y": 3.6079869
    },
    {
      "x": 16.211174,
      "y": 3.5948131
    }
  ],
  [
    {
      "x": 16.211174,
      "y": 3.5948131
    },
    {
      "x": 16.3569241,
      "y": 3.6810589
    }
  ],
  [
    {
      "x": 11.6251144,
      "y": 3.5709989
    },
    {
      "x": 11.9694595,
      "y": 3.751684
    }
  ],
  [
    {
      "x": 16.211174,
      "y": 3.5948131
    },
    {
      "x": 15.4755154,
      "y": 3.5709219
    }
  ],
  [
    {
      "x": 15.4755154,
      "y": 3.5709219
    },
    {
      "x": 15.0819998,
      "y": 4.2729998
    }
  ],
  [
    {
      "x": 15.4755154,
      "y": 3.5709219
    },
    {
      "x": 13.6920004,
      "y": 3.513
    }
  ],
  [
    {
      "x": 15.0819998,
      "y": 4.2729998
    },
    {
      "x": 13.6920004,
      "y": 3.513
    }
  ],
  [
    {
      "x": 13.6920004,
      "y": 3.513
    },
    {
      "x": 13.198,
      "y": 4.573
    }
  ],
  [
    {
      "x": 13.6920004,
      "y": 3.513
    },
    {
      "x": 12.1245174,
      "y": 3.4754789
    }
  ],
  [
    {
      "x": 11.9694595,
      "y": 3.751684
    },
    {
      "x": 12.1245174,
      "y": 3.4754789
    }
  ],
  [
    {
      "x": 12.1245174,
      "y": 3.4754789
    },
    {
      "x": 11.6879988,
      "y": 3.46503
    }
  ],
  [
    {
      "x": 11.6251144,
      "y": 3.5709989
    },
    {
      "x": 11.6879988,
      "y": 3.46503
    }
  ],
  [
    {
      "x": 11.6879988,
      "y": 3.46503
    },
    {
      "x": 10.7841892,
      "y": 3.4390969
    }
  ],
  [
    {
      "x": 9.6640987,
      "y": 5.3286061
    },
    {
      "x": 10.7841892,
      "y": 3.4390969
    }
  ],
  [
    {
      "x": 10.7841892,
      "y": 3.4390969
    },
    {
      "x": 9.7828522,
      "y": 3.4103661
    }
  ],
  [
    {
      "x": 9.7828522,
      "y": 3.4103661
    },
    {
      "x": 8.7835855,
      "y": 5.0881882
    }
  ],
  [
    {
      "x": 9.7828522,
      "y": 3.4103661
    },
    {
      "x": 7.7992611,
      "y": 3.353451
    }
  ],
  [
    {
      "x": 7.2178321,
      "y": 4.2440319
    },
    {
      "x": 7.7992611,
      "y": 3.353451
    }
  ],
  [
    {
      "x": 7.7992611,
      "y": 3.353451
    },
    {
      "x": 6.9635701,
      "y": 3.329473
    }
  ],
  [
    {
      "x": 6.5689998,
      "y": 3.835
    },
    {
      "x": 6.9635701,
      "y": 3.329473
    }
  ],
  [
    {
      "x": 6.9635701,
      "y": 3.329473
    },
    {
      "x": 5.6504951,
      "y": 3.2917969
    }
  ],
  [
    {
      "x": 4.5265012,
      "y": 5.0371218
    },
    {
      "x": 5.6504951,
      "y": 3.2917969
    }
  ],
  [
    {
      "x": 5.6504951,
      "y": 3.2917969
    },
    {
      "x": 4.5018001,
      "y": 3.2588379
    }
  ],
  [
    {
      "x": 3.6991789,
      "y": 4.482688
    },
    {
      "x": 4.5018001,
      "y": 3.2588379
    }
  ],
  [
    {
      "x": 4.5018001,
      "y": 3.2588379
    },
    {
      "x": 3.671,
      "y": 3.2349999
    },
    {
      "x": 3.6485059,
      "y": 4.44873
    }
  ],
  [
    {
      "x": 11.7447996,
      "y": 4.812386
    },
    {
      "x": 11.8784599,
      "y": 5.174901
    },
    {
      "x": 11.5450001,
      "y": 5.9510002
    }
  ],
  [
    {
      "x": 11.7447996,
      "y": 4.812386
    },
    {
      "x": 11.7215538,
      "y": 4.7587409
    }
  ],
  [
    {
      "x": 11.3450403,
      "y": 4.9679508
    },
    {
      "x": 11.5410604,
      "y": 4.8256912
    },
    {
      "x": 11.7215538,
      "y": 4.7587409
    }
  ],
  [
    {
      "x": 11.7215538,
      "y": 4.7587409
    },
    {
      "x": 11.9124603,
      "y": 4.7007518
    },
    {
      "x": 12.1021299,
      "y": 4.6366978
    },
    {
      "x": 12.2367535,
      "y": 4.6037641
    }
  ],
  [
    {
      "x": 12.2367535,
      "y": 4.6037641
    },
    {
      "x": 12.3080902,
      "y": 4.5863128
    },
    {
      "x": 12.4647598,
      "y": 4.5699968
    },
    {
      "x": 12.7875404,
      "y": 4.5581861
    },
    {
      "x": 12.9984198,
      "y": 4.5517359
    },
    {
      "x": 13.1107798,
      "y": 4.5683851
    },
    {
      "x": 13.198,
      "y": 4.573
    }
  ],
  [
    {
      "x": 12.3289022,
      "y": 3.8954501
    },
    {
      "x": 12.45576,
      "y": 3.953624
    }
  ],
  [
    {
      "x": 12.2367535,
      "y": 4.6037641
    },
    {
      "x": 12.1689796,
      "y": 4.2499371
    },
    {
      "x": 12.3289022,
      "y": 3.8954501
    }
  ],
  [
    {
      "x": 11.9694595,
      "y": 3.751684
    },
    {
      "x": 12.3289022,
      "y": 3.8954501
    }
  ],
  [
    {
      "x": 11.3450403,
      "y": 4.9679508
    },
    {
      "x": 11.0809002,
      "y": 4.4880772
    },
    {
      "x": 11.6251144,
      "y": 3.5709989
    }
  ]
]
